{"cameraMode":{"drawMode":0,"name":"Shaded","section":"Shading Mode"},"sceneLighting":true,"audioPlay":false,"sceneViewState":{"m_AlwaysRefresh":false,"showFog":true,"showSkybox":true,"showFlares":true,"showImageEffects":true,"showParticleSystems":true,"showVisualEffectGraphs":true,"m_FxEnabled":false},"in2DMode":false,"pivot":{"x":230.89793395996095,"y":204.37689208984376,"z":-17.924148559570314},"rotation":{"x":0.3190325200557709,"y":-0.6303477883338928,"z":0.31807222962379458,"w":0.6322381496429443},"size":453.76007080078127,"orthographic":false}