{"cameraMode":{"drawMode":0,"name":"Shaded","section":"Shading Mode"},"sceneLighting":true,"audioPlay":false,"sceneViewState":{"m_AlwaysRefresh":false,"showFog":true,"showSkybox":true,"showFlares":true,"showImageEffects":true,"showParticleSystems":true,"showVisualEffectGraphs":true,"m_FxEnabled":false},"in2DMode":false,"pivot":{"x":15.403380393981934,"y":18.790626525878908,"z":-26.126935958862306},"rotation":{"x":0.3190325200557709,"y":-0.6303477883338928,"z":0.31807222962379458,"w":0.6322381496429443},"size":32.199745178222659,"orthographic":false}