{"cameraMode":{"drawMode":0,"name":"Shaded","section":"Shading Mode"},"sceneLighting":true,"audioPlay":false,"sceneViewState":{"m_AlwaysRefresh":false,"showFog":true,"showSkybox":true,"showFlares":true,"showImageEffects":true,"showParticleSystems":true,"showVisualEffectGraphs":true,"m_FxEnabled":false},"in2DMode":false,"pivot":{"x":0.8174248933792114,"y":-13.579876899719239,"z":2.9884464740753176},"rotation":{"x":0.3190325200557709,"y":-0.6303477883338928,"z":0.31807222962379458,"w":0.6322381496429443},"size":26.457088470458986,"orthographic":false}